[
    {
        "id": "648f6c3738df296b7a1521ea",
        "name": "devbastion.tk",
        "errors": [],
        "supported_record_types": [
            "A",
            "AAAA",
            "MX",
            "CNAME",
            "TXT",
            "NS",
            "SPF",
            "ALIAS",
            "SRV",
            "NETLIFY",
            "NETLIFYv6",
            "CAA"
        ],
        "user_id": "648f69d9c41d51671659bbc0",
        "created_at": "2023-06-18T20:42:32.366Z",
        "updated_at": "2023-06-18T20:42:32.366Z",
        "records": [
            {
                "hostname": "web.devbastion.tk",
                "type": "NETLIFY",
                "ttl": 3600,
                "priority": null,
                "weight": null,
                "port": null,
                "flag": null,
                "tag": null,
                "id": "648f6c3895c37b00088aee5b",
                "site_id": "317a8a57-130a-4321-89bd-d28af4dc2120",
                "dns_zone_id": "648f6c3738df296b7a1521ea",
                "errors": [],
                "managed": true,
                "value": "subtle-dodol-2afbdf.netlify.app"
            },
            {
                "hostname": "devbastion.tk",
                "type": "NETLIFY",
                "ttl": 3600,
                "priority": null,
                "weight": null,
                "port": null,
                "flag": null,
                "tag": null,
                "id": "648f6c5e6e44a70008b8981e",
                "site_id": "317a8a57-130a-4321-89bd-d28af4dc2120",
                "dns_zone_id": "648f6c3738df296b7a1521ea",
                "errors": [],
                "managed": true,
                "value": "subtle-dodol-2afbdf.netlify.app"
            },
            {
                "hostname": "www.devbastion.tk",
                "type": "NETLIFY",
                "ttl": 3600,
                "priority": null,
                "weight": null,
                "port": null,
                "flag": null,
                "tag": null,
                "id": "648f6c5f6e44a70008b8981f",
                "site_id": "317a8a57-130a-4321-89bd-d28af4dc2120",
                "dns_zone_id": "648f6c3738df296b7a1521ea",
                "errors": [],
                "managed": true,
                "value": "subtle-dodol-2afbdf.netlify.app"
            },
            {
                "hostname": "sub.devbastion.tk",
                "type": "NETLIFY",
                "ttl": 3600,
                "priority": null,
                "weight": null,
                "port": null,
                "flag": null,
                "tag": null,
                "id": "648f785cc80f360008060b01",
                "site_id": "317a8a57-130a-4321-89bd-d28af4dc2120",
                "dns_zone_id": "648f6c3738df296b7a1521ea",
                "errors": [],
                "managed": true,
                "value": "subtle-dodol-2afbdf.netlify.app"
            }
        ],
        "dns_servers": [
            "dns2.p05.nsone.net",
            "dns3.p05.nsone.net",
            "dns1.p05.nsone.net",
            "dns4.p05.nsone.net"
        ],
        "account_id": "648f69d9c41d51671659bbc1",
        "site_id": "317a8a57-130a-4321-89bd-d28af4dc2120",
        "account_slug": "feniln39",
        "account_name": "docopypaste",
        "domain": null,
        "ipv6_enabled": null,
        "dedicated": null
    }
]